label,replicate,budget,n_eval,eval_base_accuracy,n_train_traces,n_correct_traces,n_probe_traces,train_base_accuracy,auroc_rmd_tail_q20,auroc_probe_hidden_tail_q20,aurc_B0,auacc_B0,excess_aurc_B0,aurc_B0_rmd,auacc_B0_rmd,excess_aurc_B0_rmd,aurc_B0_probe,auacc_B0_probe,excess_aurc_B0_probe,aurc_B0_both,auacc_B0_both,excess_aurc_B0_both,delta_aurc_B0_rmd_minus_B0,delta_aurc_B0_probe_minus_B0,delta_aurc_B0_rmd_minus_B0_probe,delta_aurc_B0_both_minus_B0_rmd,seconds
qwen,0,25,81,0.7160493827160493,200,116,182,0.64,0.7053973013493253,0.7091454272863569,0.13713755597645239,0.8505167650112019,-0.13446738229515254,0.1191498952608464,0.8685044257268079,-0.15245504301075852,0.13032841428005304,0.8573259067076012,-0.14127652399155188,0.11734042001437217,0.8703139009732821,-0.15426451825723275,-0.01798766071560598,-0.006809141696399346,-0.011178519019206634,-0.0018094752464742347,20.042969942092896
qwen,0,50,81,0.7160493827160493,400,234,369,0.64,0.7683658170914542,0.7646176911544229,0.14947852191761324,0.838175799070041,-0.12212641635399168,0.11553725985363572,0.8721170611340185,-0.1560676784179692,0.13503117848425705,0.8526231425033972,-0.13657375978734787,0.12010660482363678,0.8675477161640175,-0.15149833344796815,-0.03394126206397752,-0.014447343433356186,-0.019493918630621332,0.004569344970001055,27.083608865737915
qwen,0,100,81,0.7160493827160493,800,455,734,0.61,0.7638680659670165,0.823088455772114,0.14284847746591112,0.8448058435217431,-0.1287564608056938,0.10939310724308426,0.87826121374457,-0.16221183102852066,0.10770014645463832,0.8799541745330159,-0.1639047918169666,0.11027687905800798,0.8773774419296463,-0.16132805921359694,-0.03345537022282685,-0.03514833101127279,0.0016929607884459408,0.0008837718149237173,41.598915338516235
qwen,0,200,81,0.7160493827160493,1600,846,1466,0.575,0.8065967016491754,0.8785607196401799,0.14276974402446885,0.8448845769631854,-0.12883519424713608,0.09604215909558156,0.8916121618920727,-0.17556277917602336,0.10276991456756435,0.8848844064200899,-0.16883502370404058,0.09635877009326244,0.8912955508943918,-0.1752461681783425,-0.04672758492888729,-0.0399998294569045,-0.006727755471982788,0.0003166109976808773,71.31769299507141
qwen,0,400,81,0.7160493827160493,3200,1766,2926,0.61,0.8133433283358321,0.8748125937031485,0.14104783598094905,0.8466064850067052,-0.13055710229065587,0.092462106594414,0.8951922143932403,-0.17914283167719092,0.10678947028790298,0.8808648506997513,-0.16481546798370195,0.10369726437289184,0.8839570566147624,-0.16790767389871308,-0.04858572938653505,-0.03425836569304608,-0.01432736369348897,0.011235157778477833,139.62475752830505
qwen,1,25,79,0.6835443037974683,200,110,178,0.68,0.6266666666666666,0.6666666666666667,0.2054955158662678,0.781846256285631,-0.09830195248816265,0.20232387474519675,0.785017897406702,-0.10147359360923369,0.19461734868135017,0.7927244234705486,-0.10918011967308028,0.19824619115192432,0.7890955809999745,-0.10555127720250612,-0.003171641121071045,-0.010878167184917631,0.007706526063846586,-0.00407768359327243,18.85267686843872
qwen,1,50,79,0.6835443037974683,400,228,370,0.68,0.7874074074074073,0.797037037037037,0.17125412624222913,0.8160876459096696,-0.1325433421122013,0.12639994005611077,0.860941832095788,-0.17739752829831967,0.14457756618799156,0.8427642059639072,-0.1592199021664389,0.14253282450463878,0.84480894764726,-0.16126464384979167,-0.04485418618611836,-0.026676560054237575,-0.018177626131880786,0.016132884448528007,25.856834650039673
qwen,1,100,79,0.6835443037974683,800,460,711,0.68,0.82,0.8281481481481482,0.17011837391611806,0.8172233982357807,-0.13367909443831238,0.11134612430643087,0.8759956478454679,-0.19245134404799957,0.1277979844458882,0.8595437877060106,-0.17599948390854225,0.11822662382525473,0.869115148326644,-0.18557084452917572,-0.05877224960968719,-0.04232038947022987,-0.01645186013945732,0.006880499518823857,40.128275871276855
qwen,1,200,79,0.6835443037974683,1600,873,1453,0.62,0.8503703703703704,0.894074074074074,0.17607805842491908,0.8112637137269797,-0.12771940992951136,0.09900693222787871,0.8883348399240201,-0.20479053612655174,0.09237356477506853,0.8949682073768302,-0.21142390357936192,0.09612735878424927,0.8912144133676495,-0.20767010957018117,-0.07707112619704037,-0.08370449364985055,0.006633367452810179,-0.002879573443629435,69.51792097091675
qwen,1,400,79,0.6835443037974683,3200,1784,2953,0.625,0.854074074074074,0.9044444444444445,0.178550646174508,0.8087911259773908,-0.12524682217992245,0.10461320638315241,0.8827285657687464,-0.19918426197127803,0.09701292896738356,0.8903288431845152,-0.20678453938704688,0.09691146966433473,0.890430302487564,-0.20688599869009572,-0.07393743979135559,-0.08153771720712444,0.007600277415768852,-0.007701736718817687,140.6398742198944
qwen,2,25,73,0.684931506849315,200,98,192,0.52,0.691304347826087,0.6660869565217391,0.22537299871230831,0.7609283711507053,-0.0759968643013903,0.2054929565707655,0.7808084132922481,-0.09587690644293312,0.23210088075222435,0.7542004891107893,-0.06926898226147427,0.2052526297262569,0.7810487401367567,-0.0961172332874417,-0.01988004214154282,0.006727882039916033,-0.026607924181458853,-0.0002403268445085871,18.162139654159546
qwen,2,50,73,0.684931506849315,400,244,386,0.64,0.8182608695652174,0.7660869565217391,0.21961658510955462,0.766684784753459,-0.081753277904144,0.16248188080475368,0.82381948905826,-0.13888798220894494,0.1807678595662049,0.8055335102968088,-0.12060200344749372,0.15732132875958493,0.8289800411034287,-0.14404853425411368,-0.05713470430480094,-0.03884872554334973,-0.018285978761451216,-0.0051605520451687426,26.087810039520264
qwen,2,100,73,0.684931506849315,800,470,764,0.63,0.8739130434782608,0.8469565217391304,0.2335114610182204,0.7527899088447932,-0.06785840199547821,0.15589378234270124,0.8304075875203124,-0.14547608067099738,0.14602742771550226,0.8402739421475114,-0.15534243529819636,0.1491560730335343,0.8371452968294794,-0.15221378998016433,-0.07761767867551916,-0.08748403330271814,0.009866354627198981,-0.00673770930916695,39.33385181427002
qwen,2,200,73,0.684931506849315,1600,879,1498,0.6,0.8582608695652174,0.8773913043478261,0.22309523620260374,0.7632061336604099,-0.07827462681109487,0.10873455591156111,0.8775668139514525,-0.1926353071021375,0.10809918850426214,0.8782021813587515,-0.19327067450943647,0.10146884275156098,0.8848325271114527,-0.19990102026213763,-0.11436068029104263,-0.1149960476983416,0.0006353674072989701,-0.007265713160000131,74.49572253227234
qwen,2,400,73,0.684931506849315,3200,1790,2950,0.615,0.8269565217391304,0.8695652173913043,0.20758455337672266,0.778716816486291,-0.09378530963697596,0.1076398206569058,0.8786615492061078,-0.1937300423567928,0.0974906173142901,0.8888107525487235,-0.20387924569940852,0.09604095941574053,0.8902604104472731,-0.20532890359795808,-0.09994473271981685,-0.11009393606243256,0.010149203342615709,-0.01159886124116527,163.30012941360474
qwen,3,25,74,0.7297297297297297,200,100,176,0.56,0.5972222222222222,0.5638888888888889,0.23325855053556954,0.753227935950917,-0.023498206221187257,0.22955502657807836,0.7569314599084082,-0.02720173017867844,0.28876917155164494,0.6977173149348416,0.032012414794888144,0.29689354319135663,0.6895929432951299,0.040136786434599836,-0.003703523957491184,0.0555106210160754,-0.059214144973566585,0.06733851661327828,20.29677414894104
qwen,3,50,74,0.7297297297297297,400,210,364,0.6,0.662962962962963,0.5824074074074075,0.26179229213062505,0.7246941943558615,0.0050355353738682496,0.20930802527870607,0.7771784612077804,-0.04744873147805073,0.285604170536198,0.7008823159502885,0.028847413779441222,0.24556651628040638,0.7409199702060801,-0.011190240476350422,-0.05248426685191898,0.023811878405572973,-0.07629614525749195,0.03625849100170031,28.211557626724243
qwen,3,100,74,0.7297297297297297,800,438,727,0.6,0.6972222222222222,0.6388888888888888,0.20530157386462122,0.7811849126218653,-0.051455182892135576,0.13157307530223616,0.8549134111842503,-0.12518368145452063,0.23529026556257238,0.7511962209239141,-0.021466491194184423,0.17211656837957634,0.8143699181069102,-0.08464018837718046,-0.07372849856238506,0.029988691697951153,-0.10371719026033621,0.040543493077340176,42.91425848007202
qwen,3,200,74,0.7297297297297297,1600,849,1455,0.58,0.7027777777777778,0.7203703703703703,0.20184291419006428,0.7846435722964222,-0.05491384256669252,0.11489883384247901,0.8715876526440075,-0.1418579229142778,0.16835454249463,0.8181319439918565,-0.0884022142621268,0.1464514044128864,0.8400350820736001,-0.1103053523438704,-0.08694408034758527,-0.03348837169543428,-0.05345570865215099,0.03155257057040739,78.4116382598877
qwen,3,400,74,0.7297297297297297,3200,1784,2936,0.6275,0.7425925925925925,0.7509259259259259,0.18845608769590982,0.7980303987905767,-0.06830066906084697,0.11912538400482453,0.867361102481662,-0.13763137275193227,0.15227470890473427,0.8342117775817522,-0.10448204785202253,0.14781588590753114,0.8386706005789554,-0.10894087084922566,-0.0693307036910853,-0.036181378791175556,-0.03314932489990974,0.02869050190270661,151.07264280319214
qwen,4,25,75,0.68,200,110,185,0.6,0.6176470588235294,0.7475490196078431,0.34444482226483586,0.6422218444018308,0.037778155598169216,0.3541881358097818,0.6324785308568849,0.04752146914311517,0.34551063856797104,0.6411560280986957,0.0388439719013044,0.34964999688398657,0.6370166697826801,0.042983330217319926,0.009743313544945953,0.0010658163031351808,0.008677497241810772,-0.004538138925795243,19.362739086151123
qwen,4,50,75,0.68,400,225,366,0.62,0.5931372549019608,0.8031045751633987,0.1893266692556802,0.7973399974109865,-0.11733999741098644,0.21763460540359636,0.7690320612630703,-0.08903206126307028,0.12592815064128104,0.8607385160253856,-0.1807385160253856,0.16090930184069063,0.8257573648259761,-0.145757364825976,0.028307936147916157,-0.06339851861439916,0.09170645476231531,-0.05672530356290573,26.037371397018433
qwen,4,100,75,0.68,800,425,719,0.59,0.6666666666666667,0.7826797385620915,0.19336685765413164,0.793299809012535,-0.113299809012535,0.19548163128005425,0.7911850353866124,-0.1111850353866124,0.1388741775564013,0.8477924891102654,-0.16779248911026534,0.1545770142162033,0.8320896524504634,-0.15208965245046335,0.0021147736259226058,-0.05449268009773034,0.056607453723652945,-0.040904617063850957,39.11990284919739
qwen,4,200,75,0.68,1600,882,1459,0.615,0.7189542483660131,0.8602941176470589,0.19497614501873684,0.7916905216479299,-0.11169052164792981,0.18536696268734287,0.8012997039793238,-0.12129970397932377,0.11313849671339493,0.8735281699532718,-0.1935281699532717,0.16349400419940485,0.8231726624672618,-0.1431726624672618,-0.009609182331393962,-0.0818376483053419,0.07222846597394794,-0.02187295848793802,72.57763028144836
qwen,4,400,75,0.68,3200,1806,2939,0.6275,0.7769607843137255,0.8856209150326797,0.1979050066776592,0.7887616599890075,-0.10876165998900744,0.15453701441801038,0.8321296522486563,-0.15212965224865627,0.1012709058108765,0.8853957608557902,-0.20539576085579014,0.10981319547839818,0.8768534711882685,-0.19685347118826846,-0.043367992259648824,-0.0966341008667827,0.05326610860713388,-0.04472381893961219,145.01864910125732
qwen,5,25,80,0.6875,200,112,189,0.6,0.8087272727272727,0.728,0.2445011780442281,0.7429988219557719,-0.05549882195577194,0.15383239316135244,0.8336676068386476,-0.1461676068386476,0.20987700096641027,0.7776229990335898,-0.09012299903358978,0.1557363532260645,0.8317636467739355,-0.14426364677393555,-0.09066878488287566,-0.03462417707781784,-0.05604460780505782,0.0019039600647120514,19.147565841674805
qwen,5,50,80,0.6875,400,203,370,0.56,0.7301818181818182,0.7127272727272727,0.18586481474868777,0.8016351852513123,-0.11413518525131228,0.1750819748069007,0.8124180251930994,-0.12491802519309936,0.18408038135002724,0.8034196186499728,-0.1159196186499728,0.1852127531552329,0.8022872468447672,-0.11478724684476715,-0.010782839941787081,-0.0017844333986605232,-0.008998406543126558,0.010130778348332203,25.67874264717102
qwen,5,100,80,0.6875,800,416,747,0.57,0.7970909090909091,0.7418181818181818,0.21747070009977654,0.7700292999002235,-0.08252929990022351,0.1254239620580454,0.8620760379419546,-0.17457603794195464,0.15255206866724458,0.8349479313327555,-0.14744793133275547,0.12915923663333018,0.8583407633666699,-0.17084076336666987,-0.09204673804173114,-0.06491863143253196,-0.027128106609199176,0.003735274575284775,39.37548089027405
qwen,5,200,80,0.6875,1600,870,1486,0.59,0.8523636363636363,0.829090909090909,0.20311262124099205,0.784387378759008,-0.09688737875900799,0.11099765399703909,0.876502346002961,-0.18900234600296095,0.1141658896647586,0.8733341103352414,-0.18583411033524144,0.10532214843304522,0.8821778515669548,-0.19467785156695483,-0.09211496724395296,-0.08894673157623345,-0.00316823566771951,-0.005675505563993877,70.62056708335876
qwen,5,400,80,0.6875,3200,1785,2939,0.62,0.8385454545454546,0.8516363636363635,0.19521484751470153,0.7922851524852985,-0.10478515248529852,0.1030814802169383,0.8844185197830617,-0.19691851978306174,0.1045392917397091,0.8829607082602909,-0.19546070826029094,0.09907251733463018,0.8884274826653699,-0.20092748266536986,-0.09213336729776322,-0.09067555577499242,-0.0014578115227708022,-0.00400896288230812,143.57807731628418
qwen,6,25,75,0.6933333333333334,200,136,186,0.68,0.6170568561872909,0.6546822742474917,0.22370143815518073,0.762965228511486,-0.0696318951781526,0.23291854527081868,0.753748121395848,-0.06041478806251466,0.2315453112532705,0.7551213554133962,-0.06178802208006284,0.2389521220426526,0.7477145446240141,-0.05438121129068074,0.009217107115637946,0.00784387309808976,0.001373234017548186,0.006033576771833915,20.084958791732788
qwen,6,50,75,0.6933333333333334,400,245,376,0.66,0.7809364548494984,0.6797658862876255,0.21011917264211588,0.7765474940245508,-0.08321416069121745,0.18643850198108713,0.8002281646855796,-0.1068948313522462,0.2370685047749711,0.7495981618916956,-0.056264828558362234,0.20375959069503047,0.7829070759716362,-0.08957374263830287,-0.023680670661028747,0.02694933213285522,-0.050630002793883966,0.017321088713943333,26.542463302612305
qwen,6,100,75,0.6933333333333334,800,491,766,0.66,0.7775919732441471,0.7608695652173914,0.22292834759299218,0.7637383190736745,-0.07040498574034115,0.16608562948407413,0.8205810371825926,-0.1272477038492592,0.17183133848941712,0.8148353281772496,-0.12150199484391622,0.16414032734675021,0.8225263393199165,-0.12919300598658312,-0.056842718108918056,-0.051097009103575064,-0.0057457090053429916,-0.001945302137323912,41.148117542266846
qwen,6,200,75,0.6933333333333334,1600,921,1486,0.62,0.7600334448160535,0.7198996655518395,0.22554743135373923,0.7611192353129275,-0.06778590197959411,0.15209680769494016,0.8345698589717265,-0.14123652563839317,0.18171876705496004,0.8049478996117067,-0.1116145662783733,0.14987154602850195,0.8367951206381647,-0.1434617873048314,-0.07345062365879906,-0.043828664298779185,-0.02962195936001988,-0.0022252616664382163,73.28753399848938
qwen,6,400,75,0.6933333333333334,3200,1805,2951,0.62,0.7934782608695652,0.8386287625418061,0.2291481516183883,0.7575185150482784,-0.06418518171494503,0.16009842859596912,0.8265682380706976,-0.1332349047373642,0.11840766382482837,0.8682590028418383,-0.17492566950850497,0.1289503619198057,0.857716304746861,-0.16438297141352765,-0.06904972302241918,-0.11074048779355994,0.041690764771140754,-0.031148066676163433,146.8210928440094
qwen,7,25,78,0.6538461538461539,200,125,179,0.72,0.6056644880174291,0.5787944807552651,0.2517766681077114,0.7354028190717758,-0.081556665225622,0.21723002981290496,0.7699494573665823,-0.11610330352042841,0.2508878335740462,0.736291653605441,-0.08244549975928717,0.2328136451706425,0.7543658420088447,-0.10051968816269086,-0.03454663829480642,-0.0008888345336651726,-0.03365780376114125,0.015583615357737557,20.040944576263428
qwen,7,50,78,0.6538461538461539,400,245,362,0.66,0.6855482933914306,0.7218591140159768,0.23039325317050707,0.7567862340089802,-0.1029400801628263,0.22299116517082396,0.7641883220086633,-0.11034216816250941,0.22073426903153193,0.7664452181479553,-0.11259906430180144,0.22141039563939635,0.7657690915400909,-0.11192293769393702,-0.007402087999683116,-0.009658984138975146,0.0022568961392920306,-0.001580769531427606,26.78695845603943
qwen,7,100,78,0.6538461538461539,800,480,725,0.65,0.7719680464778504,0.7276688453159041,0.24430119727057287,0.7428782899089144,-0.0890321360627605,0.24075817261470212,0.7464213145647851,-0.09257516071863126,0.20386374503272475,0.7833157421467625,-0.12946958830060862,0.20585290137020018,0.781326585809287,-0.1274804319631332,-0.0035430246558707523,-0.040437452237848115,0.03689442758197736,-0.034905271244501934,41.990089416503906
qwen,7,200,78,0.6538461538461539,1600,919,1459,0.64,0.8278867102396513,0.7857661583151779,0.23708099670008864,0.7500984904793986,-0.09625233663324473,0.16830903256048546,0.8188704546190018,-0.1650243007728479,0.14990579297439077,0.8372736942050965,-0.1834275403589426,0.14545442551917964,0.8417250616603076,-0.18787890781415373,-0.06877196413960318,-0.08717520372569787,0.01840323958609469,-0.02285460704130582,73.70318293571472
qwen,7,400,78,0.6538461538461539,3200,1810,2951,0.6275,0.814088598402324,0.8140885984023238,0.23602116472674906,0.7511583224527382,-0.09731216860658432,0.1865814408779758,0.8005980463015114,-0.14675189245535758,0.18229283186517453,0.8048866553143127,-0.15104050146815884,0.18295194174876572,0.8042275454307215,-0.15038139158456765,-0.049439723848773265,-0.053728332861574524,0.004288609012801259,-0.0036294991292100676,145.90371346473694
qwen,8,25,73,0.7534246575342466,200,78,185,0.44,0.8363636363636363,0.7707070707070707,0.1435091242859574,0.8427922455770562,-0.08936758804280964,0.08076544106884964,0.905535928794164,-0.1521112712599174,0.12977517469329736,0.8565261951697163,-0.1031015376354697,0.08115353600720154,0.9051478338558121,-0.1517231763215655,-0.06274368321710777,-0.013733949592660055,-0.049009733624447716,0.0003880949383519017,17.076563835144043
qwen,8,50,73,0.7534246575342466,400,230,376,0.62,0.8545454545454545,0.8696969696969696,0.13563322609650785,0.8506681437665058,-0.0972434862322592,0.08073213044293759,0.905569239420076,-0.15214458188582947,0.08278714571862311,0.9035142241443905,-0.15008956661014394,0.0734755405212999,0.9128258293417137,-0.15940117180746716,-0.054901095653570264,-0.05284608037788474,-0.0020550152756855233,-0.0072565899216376906,26.17879295349121
qwen,8,100,73,0.7534246575342466,800,453,745,0.61,0.8282828282828283,0.8191919191919192,0.1349674832483303,0.8513338866146833,-0.09790922908043675,0.08125770729558868,0.905043662567425,-0.15161900503317838,0.13153849367488912,0.8547628761881245,-0.10133821865387793,0.08159182022575906,0.9047095496372546,-0.151284892103008,-0.05370977595274162,-0.003428989573441177,-0.050280786379300446,0.0003341129301703827,40.30114269256592
qwen,8,200,73,0.7534246575342466,1600,885,1491,0.6,0.8090909090909091,0.8818181818181818,0.13005897710520942,0.8562423927578042,-0.10281773522355764,0.10799494673479171,0.8783064231282219,-0.12488176559397535,0.07419962602384944,0.9121017438391642,-0.15867708630491761,0.09950179260052705,0.8867995772624866,-0.13337491972824,-0.02206403037041771,-0.055859351081359976,0.03379532071094227,-0.008493154134264658,70.60706043243408
qwen,8,400,73,0.7534246575342466,3200,1748,2955,0.6025,0.8272727272727273,0.8818181818181818,0.1504753945505266,0.835825975312487,-0.08240131777824045,0.0930692488034266,0.893232121059587,-0.13980746352534046,0.06352673378824625,0.9227746360747674,-0.1693499785405208,0.06900248300725731,0.9172988868557563,-0.16387422932150975,-0.05740614574710001,-0.08694866076228036,0.02954251501518035,-0.024066765796169287,136.8444266319275
qwen,9,25,85,0.7411764705882353,200,130,196,0.72,0.8672438672438673,0.8203463203463204,0.24993011508139118,0.7383051790362559,0.0028712915519794047,0.10305693954537554,0.8851783545722716,-0.14400188398403624,0.10505538007533155,0.8831799140423156,-0.14200344345408022,0.08252585704730464,0.9057094370703425,-0.16453296648210713,-0.14687317553601564,-0.14487473500605963,-0.0019984405299560137,-0.020531082498070896,20.128029346466064
qwen,9,50,85,0.7411764705882353,400,234,375,0.68,0.7914862914862913,0.727994227994228,0.3040002810575988,0.6842350130600483,0.05694145752818702,0.11377218282787582,0.8744631112897713,-0.13328664070153595,0.15663262199541172,0.8316026721222354,-0.09042620153400005,0.1147375987831254,0.8734976953345217,-0.13232122474628638,-0.19022809822972297,-0.14736765906218707,-0.0428604391675359,0.0009654159552495711,25.568549871444702
qwen,9,100,85,0.7411764705882353,800,447,731,0.64,0.7972582972582972,0.7222222222222222,0.1834112922235368,0.8048240018941103,-0.06364753130587497,0.0980553211257259,0.8901799729919212,-0.14900350240368587,0.13465157220154556,0.8535837219161015,-0.11240725132786622,0.10456848525000773,0.8836668088676394,-0.14249033827940405,-0.0853559710978109,-0.04875972002199125,-0.03659625107581965,0.006513164124281823,39.23348689079285
qwen,9,200,85,0.7411764705882353,1600,909,1480,0.63,0.823953823953824,0.7784992784992785,0.16799129691928028,0.8202439971983668,-0.0790675266101315,0.09071414557938584,0.8975211485382613,-0.15634467795002593,0.11580009778893618,0.8724351963287109,-0.1312587257404756,0.09740344474877083,0.8908318493688763,-0.14965537878064095,-0.07727715133989443,-0.05219119913034409,-0.025085952209550344,0.006689299169384988,70.20826697349548
qwen,9,400,85,0.7411764705882353,3200,1726,2912,0.605,0.8152958152958153,0.8225108225108225,0.161630490882685,0.8266048032349621,-0.08542833264672678,0.09114873557827119,0.8970865585393759,-0.15591008795114059,0.0955951187691384,0.8926401753485087,-0.15146370476027338,0.08857458242949912,0.899660711688148,-0.15848424109991266,-0.0704817553044138,-0.0660353721135466,-0.004446383190867209,-0.0025741531487720737,136.53133630752563
deepseek_qwen,0,25,75,0.76,200,149,180,0.76,0.7436647173489278,0.7251461988304093,0.1293108464711722,0.8573558201954945,-0.09735582019549449,0.12901491112771524,0.8576517555389515,-0.09765175553895145,0.1424109573557052,0.8442557093109615,-0.08425570931096149,0.12656030149702746,0.8601063651696392,-0.10010636516963922,-0.0002959353434569545,0.013100110884533,-0.013396046227989955,-0.0024546096306877763,32.98906636238098
deepseek_qwen,0,50,75,0.76,400,302,363,0.78,0.7738791423001949,0.7387914230019493,0.140135057547482,0.8465316091191847,-0.08653160911918467,0.1295366666970872,0.8571299999695795,-0.0971299999695795,0.12237774782787891,0.8642889188387878,-0.10428891883878777,0.1281461240818229,0.8585205425848438,-0.09852054258484377,-0.010598390850394823,-0.017757309719603098,0.007158918869208275,-0.0013905426152642786,52.155357360839844
deepseek_qwen,0,100,75,0.76,800,596,725,0.8,0.7543859649122807,0.7309941520467835,0.11778728384352444,0.8688793828231423,-0.10887938282314225,0.11864804453573197,0.8680186221309347,-0.10801862213093472,0.08236099991230528,0.9043056667543614,-0.1443056667543614,0.08802985817071429,0.8986368084959524,-0.1386368084959524,0.0008607606922075295,-0.03542628393121916,0.03628704462342669,-0.030618186365017674,90.93968462944031
deepseek_qwen,0,200,75,0.76,1600,1138,1444,0.755,0.8245614035087718,0.8508771929824561,0.1228898065663202,0.8637768601003465,-0.10377686010034648,0.08385811903764173,0.902808547629025,-0.14280854762902495,0.06293344350036545,0.9237332231663012,-0.16373322316630123,0.06312519896497992,0.9235414677016868,-0.16354146770168676,-0.03903168752867847,-0.059956363065954754,0.020924675537276283,-0.02073292007266181,143.30188488960266
deepseek_qwen,0,400,75,0.76,3200,2274,2922,0.755,0.8148148148148148,0.8469785575048733,0.13653743141728125,0.8501292352493854,-0.09012923524938543,0.10073393146204501,0.8859327352046217,-0.12593273520462167,0.0653064460306958,0.9213602206359709,-0.16136022063597089,0.07014224082160847,0.9165244258450582,-0.1565244258450582,-0.03580349995523624,-0.07123098538658545,0.035427485431349215,-0.030591690640436542,315.51930809020996
deepseek_qwen,1,25,75,0.8133333333333334,200,127,181,0.68,0.6194379391100702,0.5913348946135831,0.19659047359984394,0.7900761930668228,0.0232571402665106,0.2007332686517903,0.7859333980148764,0.02739993531845697,0.19178014894553963,0.7948865177211271,0.01844681561220629,0.19989712359068024,0.7867695430759865,0.026563790257346898,0.0041427950519463685,-0.00481032465430431,0.008953119706250678,-0.0008361450611100718,37.59800171852112
deepseek_qwen,1,50,75,0.8133333333333334,400,275,371,0.74,0.6955503512880561,0.6744730679156908,0.21326207832531807,0.7734045883413486,0.03992874499198473,0.1537991739863469,0.8328674926803198,-0.019534159346986435,0.1709022483779955,0.8157644182886712,-0.0024310849553378366,0.13664104314906422,0.8500256235176025,-0.036692290184269116,-0.05946290433897117,-0.04235982994732257,-0.0171030743916486,-0.01715813083728268,54.33902359008789
deepseek_qwen,1,100,75,0.8133333333333334,800,578,732,0.78,0.7412177985948478,0.6522248243559718,0.16596137037198833,0.8207052962946784,-0.007371962961345013,0.1282260352187462,0.8584406314479205,-0.045107298114587135,0.12259978173389496,0.8640668849327717,-0.050733551599438376,0.1259630880706908,0.8607035785959759,-0.04737024526264255,-0.03773533515324212,-0.04336158863809336,0.00562625348485124,-0.0022629471480554164,78.41587281227112
deepseek_qwen,1,200,75,0.8133333333333334,1600,1100,1475,0.73,0.7412177985948477,0.7166276346604215,0.12170938873901249,0.8649572779276542,-0.05162394459432085,0.05634434773161823,0.9303223189350485,-0.11698898560171511,0.08376262636129206,0.9029040403053746,-0.08957070697204128,0.06591520690364538,0.9207514597630213,-0.10741812642968795,-0.06536504100739426,-0.03794676237772043,-0.02741827862967383,0.009570859172027157,163.95236730575562
deepseek_qwen,1,400,75,0.8133333333333334,3200,2242,2939,0.7475,0.7494145199063231,0.7740046838407494,0.1130329824752846,0.8736336841913821,-0.060300350858048746,0.05944989328467243,0.9272167733819943,-0.11388344004866091,0.07025442598531195,0.9164122406813547,-0.10307890734802139,0.07213989311810609,0.9145267735485606,-0.10119344021522725,-0.053583089190612165,-0.04277855648997264,-0.010804532700639524,0.012689999833433663,296.06688141822815
deepseek_qwen,2,25,78,0.8589743589743589,200,124,180,0.64,0.5101763907734057,0.6363636363636364,0.11611078188006019,0.871068705299427,-0.012094346325068117,0.09717446361536419,0.890005023564123,-0.031030664589764112,0.1460020631356399,0.8411774240438473,0.0177969349305116,0.13680308416296183,0.8503764030165254,0.008597955957833525,-0.018936318264695995,0.029891281255579716,-0.04882759952027571,0.03962862054759764,33.38391947746277
deepseek_qwen,2,50,78,0.8589743589743589,400,286,367,0.74,0.5535956580732699,0.7096336499321575,0.12488600374239722,0.86229348343709,-0.0033191244627310823,0.08365542233620638,0.9035240648432808,-0.04454970586892193,0.14958701820919207,0.8375924689702952,0.021381890004063764,0.09564792777036224,0.891531559409125,-0.032557200434766065,-0.04123058140619085,0.024701014466794846,-0.0659315958729857,0.011992505434155865,50.65312957763672
deepseek_qwen,2,100,78,0.8589743589743589,800,545,718,0.72,0.6594301221166893,0.8616010854816825,0.11363390274654428,0.873545584432943,-0.014571225458584025,0.12609252308927155,0.8610869640902157,-0.0021126051158567583,0.04813512644517093,0.9390443607343163,-0.08007000175995738,0.05579530071725258,0.9313841864622346,-0.07240982748787572,0.012458620342727267,-0.06549877630137335,0.07795739664410062,-0.07029722237201896,87.28822302818298
deepseek_qwen,2,200,78,0.8589743589743589,1600,1060,1455,0.695,0.6824966078697422,0.9145183175033922,0.1165828132218879,0.8705966739575993,-0.0116223149832404,0.02766170160362269,0.9595177855758645,-0.10054342660150561,0.025167222460840133,0.9620122647186471,-0.10303790574428817,0.01940091228772367,0.9677785748917636,-0.10880421591740463,-0.08892111161826521,-0.09141559076104777,0.0024944791427825574,-0.00826078931589902,155.75466513633728
deepseek_qwen,2,400,78,0.8589743589743589,3200,2195,2917,0.735,0.723202170963365,0.8860244233378561,0.12487104318175202,0.8623084439977352,-0.0033340850233762875,0.02341532839178906,0.9637641587876982,-0.10478979981333925,0.022356802790558072,0.9648226843889292,-0.10584832541457023,0.01948576806447433,0.9676937191150129,-0.10871936014065398,-0.10145571478996296,-0.10251424039119394,0.0010585256012309863,-0.0039295603273147295,301.52924060821533
deepseek_qwen,3,25,76,0.8157894736842105,200,137,191,0.72,0.49423963133640547,0.5841013824884792,0.19076990673661764,0.7960721985265402,0.0197172751576703,0.19071626428909172,0.7961258409740661,0.019663632710144374,0.196266408362464,0.7905756969006938,0.02521377678351666,0.19938427307252427,0.7874578321906336,0.02833164149357692,-5.364244752592562e-05,0.005496501625846362,-0.005550144073372287,0.008668008783432546,31.942503452301025
deepseek_qwen,3,50,76,0.8157894736842105,400,277,379,0.74,0.6820276497695853,0.7523041474654378,0.09789934427122793,0.8889427609919299,-0.07315328730771942,0.10288818613300421,0.8839539191301536,-0.06816444544594313,0.09030174027848281,0.896540364984675,-0.08075089130046453,0.1014687452074573,0.8853733600557006,-0.06958388637149004,0.004988841861776283,-0.007597603992745117,0.0125864458545214,-0.001419440925546911,49.09925127029419
deepseek_qwen,3,100,76,0.8157894736842105,800,549,748,0.73,0.75,0.6589861751152073,0.12265058850771571,0.8641915167554421,-0.04840204307123164,0.10173409442994708,0.8851080108332108,-0.06931853714900027,0.08394399532716124,0.9028981099359966,-0.08710863625178611,0.08895177623222561,0.8978903290309322,-0.08210085534672174,-0.020916494077768633,-0.03870659318055447,0.01779009910278584,-0.012782318197721465,75.38474559783936
deepseek_qwen,3,200,76,0.8157894736842105,1600,1091,1458,0.735,0.7119815668202766,0.7661290322580644,0.11601479383078728,0.8708273114323706,-0.05503783774816007,0.0700996088174125,0.9167424964457453,-0.10095302276153484,0.06418588379272938,0.9226562214704285,-0.10686674778621796,0.06449909733519577,0.9223430079279621,-0.10655353424375158,-0.04591518501337477,-0.051828910038057896,0.005913725024683125,-0.005600511482216741,129.83661246299744
deepseek_qwen,3,400,76,0.8157894736842105,3200,2255,2932,0.75,0.6877880184331798,0.7811059907834101,0.11382638571756287,0.873015719545595,-0.05722624586138447,0.07897270238530407,0.9078694028778538,-0.09207992919364327,0.06233021437349828,0.9245118908896596,-0.10872241720544906,0.06288668003961095,0.9239554252235469,-0.10816595153933639,-0.0348536833322588,-0.05149617134406459,0.01664248801180579,-0.01608602234569312,286.1796917915344
deepseek_qwen,4,25,78,0.7307692307692307,200,144,192,0.76,0.6649958228905598,0.70843776106934,0.2714879388872078,0.7156915482922794,0.015077682476951293,0.24423728286929214,0.7429422043101951,-0.01217297354096436,0.2657211871257231,0.7214583000537641,0.009310930715466625,0.24423728286929214,0.7429422043101951,-0.01217297354096436,-0.027250656017915653,-0.0057667517614846675,-0.021483904256430986,0.0,32.49191212654114
deepseek_qwen,4,50,78,0.7307692307692307,400,301,368,0.82,0.6499582289055973,0.7535505430242273,0.23978778611032714,0.7473917010691601,-0.01662247029992936,0.2180750556113925,0.7691044315680947,-0.03833520079886399,0.22953757187191348,0.7576419153075737,-0.026872684538343017,0.21070199212426322,0.776477495055224,-0.04570826428599328,-0.02171273049893463,-0.010250214238413657,-0.011462516260520972,-0.007373063487129294,50.386648178100586
deepseek_qwen,4,100,78,0.7307692307692307,800,573,710,0.77,0.6984126984126984,0.7811194653299917,0.18833066570960377,0.7988488214698835,-0.06807959070065273,0.16372054741744524,0.823458939762042,-0.09268970899281126,0.12474422873796276,0.8624352584415245,-0.13166602767229374,0.1350945022593738,0.8520849849201134,-0.1213157541508827,-0.024610118292158534,-0.06358643697164101,0.03897631867948248,-0.028626045158071434,83.33467745780945
deepseek_qwen,4,200,78,0.7307692307692307,1600,1142,1440,0.765,0.7418546365914787,0.8095238095238095,0.1762072725463496,0.8109722146331376,-0.0802029838639069,0.14126667889941702,0.8459128082800702,-0.11514357751083948,0.09493714818735621,0.892242338992131,-0.16147310822290029,0.1145158669303612,0.872663620249126,-0.1418943894798953,-0.03494059364693258,-0.08127012435899339,0.04632953071206081,-0.02675081196905582,141.90758323669434
deepseek_qwen,4,400,78,0.7307692307692307,3200,2283,2917,0.7625,0.7702589807852965,0.8638262322472848,0.15875286278881784,0.8284266243906694,-0.09765739362143866,0.11026523528740095,0.8769142518920863,-0.14614502112285555,0.07750199729705987,0.9096774898824274,-0.17890825911319663,0.08040441061458081,0.9067750765649064,-0.17600584579567569,-0.048487627501416886,-0.08125086549175797,0.03276323799034109,-0.02986082467282014,288.29346799850464
deepseek_qwen,5,25,78,0.782051282051282,200,132,185,0.68,0.7367405978784957,0.5120540019286403,0.12948233209245386,0.8576971550870334,-0.07564587303575132,0.08161440518080532,0.9055650819986819,-0.12351379994739986,0.16887537019936938,0.8183041169801178,-0.0362528349288358,0.12118470936749037,0.8659947778119969,-0.0839434957607148,-0.04786792691164854,0.03939303810691552,-0.08726096501856406,0.03957030418668506,32.376073360443115
deepseek_qwen,5,50,78,0.782051282051282,400,278,377,0.7,0.7531340405014465,0.411764705882353,0.13341626557820174,0.8537632216012855,-0.07171193955000343,0.08758112670199303,0.8995983604774942,-0.11754707842621215,0.18810874190230298,0.7990707452771842,-0.0170194632259022,0.1090576900834398,0.8781217970960474,-0.09607051504476538,-0.045835138876208714,0.054692476324101236,-0.10052761520030995,0.021476563381446767,48.78834652900696
deepseek_qwen,5,100,78,0.782051282051282,800,532,748,0.68,0.7290260366441659,0.7116682738669238,0.12810089806866154,0.8590785891108257,-0.07702730705954364,0.08157801833817147,0.9056014688413158,-0.12355018679003371,0.09175135206410279,0.8954281351153844,-0.11337685306410239,0.07001660435307855,0.9171628828264087,-0.13511160077512663,-0.046522879730490074,-0.03634954600455875,-0.010173333725931322,-0.011561413985092917,77.7428240776062
deepseek_qwen,5,200,78,0.782051282051282,1600,1071,1452,0.705,0.7627772420443588,0.7550626808100289,0.11707954532030074,0.8700999418591865,-0.08804865980790444,0.06266467684217347,0.9245148103373138,-0.1424635282860317,0.06790105700868232,0.9192784301708049,-0.13722714811952286,0.057891425212277636,0.9292880619672096,-0.14723677991592754,-0.054414868478127265,-0.04917848831161842,-0.005236380166508847,-0.004773251629895836,134.45309710502625
deepseek_qwen,5,400,78,0.782051282051282,3200,2266,2910,0.755,0.7396335583413693,0.7666345226615237,0.11759477885628056,0.8695847083232067,-0.08753342627192462,0.06981767464807087,0.9173618125314164,-0.1353105304801343,0.07333887911929493,0.9138406080601923,-0.13178932600891025,0.06935327734171115,0.9178262098377761,-0.13577492778649403,-0.047777104208209686,-0.04425589973698563,-0.0035212044712240598,-0.00046439730635972065,267.847687959671
deepseek_qwen,6,25,74,0.8108108108108109,200,151,179,0.76,0.6321428571428571,0.5452380952380953,0.11981511259224853,0.866671373894238,-0.05586056308342713,0.10990803507662505,0.8765784514098615,-0.0657676405990506,0.13229105111753514,0.8541954353689514,-0.04338462455814052,0.12207059003932186,0.8644158964471647,-0.0536050856363538,-0.009907077515623475,0.012475938525286612,-0.022383016040910086,0.012162554962696803,33.316874265670776
deepseek_qwen,6,50,74,0.8108108108108109,400,271,362,0.7,0.6166666666666667,0.7023809523809524,0.1592081285971556,0.8272783578893309,-0.01646754707852005,0.1473963173784697,0.8390901691080168,-0.02827935829720596,0.15124360050596042,0.8352428859805261,-0.02443207516971524,0.14777169275384505,0.8387147937326415,-0.027903982921830606,-0.011811811218685908,-0.007964528091195189,-0.0038472831274907193,0.00037537537537535304,46.1112117767334
deepseek_qwen,6,100,74,0.8108108108108109,800,544,726,0.72,0.6047619047619048,0.7250000000000001,0.14007170107302813,0.8464147854134584,-0.035603974602647526,0.12810347895152818,0.8583830075349583,-0.047572196724147475,0.11101761833778301,0.8754688681487035,-0.06465805733789265,0.11530508762525227,0.8711813988612342,-0.06037058805042339,-0.01196822212149995,-0.029054082735245124,0.017085860613745174,-0.012798391326275915,73.18894028663635
deepseek_qwen,6,200,74,0.8108108108108109,1600,1119,1433,0.745,0.6571428571428571,0.7619047619047619,0.10765985974828818,0.8788266267381983,-0.06801581592738748,0.0775701207959879,0.9089163656904986,-0.09810555487968775,0.10576685975304445,0.8807196267334421,-0.0699088159226312,0.0790861602206906,0.9074003262657959,-0.09658951545498506,-0.03008973895230027,-0.001892999995243727,-0.028196738957056544,0.0015160394247026865,149.60174012184143
deepseek_qwen,6,400,74,0.8108108108108109,3200,2238,2920,0.75,0.705952380952381,0.7345238095238095,0.12406506660824412,0.8624214198782424,-0.051610609067431534,0.080481381357291,0.9060051051291955,-0.09519429431838466,0.09717925979612929,0.8893072266903572,-0.07849641587954637,0.09517122940793754,0.891315257078549,-0.08050444626773812,-0.04358368525095313,-0.026885806812114832,-0.0166978784388383,0.014689848050646548,272.07796144485474
deepseek_qwen,7,25,79,0.7721518987341772,200,162,186,0.88,0.6293260473588344,0.6466302367941712,0.1963684725404491,0.7909732996114497,-0.018821400877272465,0.19266432931165545,0.7946774428402433,-0.02252554410606611,0.21232610564445464,0.7750156665074441,-0.002863767773266912,0.20178756236871853,0.7855542097831802,-0.013402311049003024,-0.0037041432287936438,0.015957633104005553,-0.019661776332799197,0.009123233057063085,36.660743951797485
deepseek_qwen,7,50,79,0.7721518987341772,400,293,355,0.8,0.6256830601092896,0.6457194899817851,0.13977440234246563,0.8475673698094331,-0.07541547107525592,0.13405482495365673,0.853286947198242,-0.08113504846406483,0.14149063500410974,0.845851137147789,-0.07369923841361181,0.13831412159164846,0.8490276505602503,-0.07687575182607309,-0.005719577388808905,0.0017162326616441126,-0.007435810050453018,0.0042592966379917385,46.41727685928345
deepseek_qwen,7,100,79,0.7721518987341772,800,590,711,0.8,0.6657559198542805,0.6502732240437159,0.15032325546910352,0.8370185166827953,-0.06486661794861803,0.12754694840654734,0.8597948237453514,-0.08764292501117421,0.1345037170956287,0.8528380550562701,-0.08068615632209286,0.12602155522857617,0.8613202169233226,-0.08916831818914539,-0.022776307062556178,-0.01581953837347483,-0.00695676868908135,-0.0015253931779711793,85.55432295799255
deepseek_qwen,7,200,79,0.7721518987341772,1600,1160,1439,0.79,0.6867030965391621,0.6584699453551912,0.15825766939496666,0.8290841027569321,-0.056932204022754895,0.16314538183676985,0.8241963903151289,-0.0520444915809517,0.16041220384372012,0.8269295683081787,-0.05477766957400143,0.15974766945939523,0.8275941026925036,-0.05544220395832633,0.004887712441803194,0.0021545344487534646,0.002733177993049729,-0.0033977123773746287,139.22723197937012
deepseek_qwen,7,400,79,0.7721518987341772,3200,2265,2923,0.76,0.6812386156648451,0.703096539162113,0.17116379977929919,0.8161779723725996,-0.04402607363842237,0.13596607888376178,0.851375693268137,-0.07922379453395978,0.13115334364821563,0.8561884285036832,-0.08403652976950593,0.12247013964132059,0.8648716325105782,-0.09271973377640097,-0.03519772089553741,-0.04001045613108356,0.004812735235546151,-0.01349593924244119,266.6742174625397
deepseek_qwen,8,25,82,0.8414634146341463,200,126,188,0.64,0.8283166109253066,0.745819397993311,0.10437830947133786,0.8834265685774426,-0.041963153943296305,0.048486484127634566,0.9393183939211459,-0.0978549792869996,0.08721518135954331,0.9005896966892372,-0.05912628205509085,0.04871463721390368,0.9390902408348768,-0.09762682620073049,-0.055891825343703294,-0.017163128111794546,-0.03872869723190875,0.00022815308626911168,35.31775999069214
deepseek_qwen,8,50,82,0.8414634146341463,400,288,374,0.74,0.6989966555183946,0.7447045707915273,0.11838009892286916,0.8694247791259113,-0.027961364491765006,0.07463683451548742,0.9131680435332931,-0.07170462889914675,0.06628367087470155,0.9215212071740789,-0.08005779253993262,0.06029804533808247,0.927506832710698,-0.08604341807655169,-0.04374326440738174,-0.05209642804816761,0.008353163640785866,-0.014338789177404943,49.817474365234375
deepseek_qwen,8,100,82,0.8414634146341463,800,574,726,0.77,0.6321070234113713,0.7748049052396879,0.11111254188438113,0.8766923361643993,-0.03522892153025303,0.08769054924930064,0.9001143287994798,-0.05865091416533352,0.07472175779497447,0.913083120253806,-0.07161970561965969,0.07473488173586984,0.9130699963129106,-0.07160658167876433,-0.02342199263508049,-0.03639078408940666,0.012968791454326167,-0.012955667513430802,73.04585790634155
deepseek_qwen,8,200,82,0.8414634146341463,1600,1102,1440,0.74,0.6711259754738015,0.7881828316610926,0.10282089059966815,0.8849839874491123,-0.04352057281496602,0.05123030854250499,0.9365745695062755,-0.09511115487212918,0.04956494995665428,0.9382399280921262,-0.09677651345797988,0.05103209424484312,0.9367727838039374,-0.09530936916979105,-0.05159058205716316,-0.053255940643013866,0.001665358585850707,-0.0001982142976618695,138.1538691520691
deepseek_qwen,8,400,82,0.8414634146341463,3200,2190,2891,0.7375,0.6711259754738016,0.8082497212931995,0.10940099821543348,0.878403879833347,-0.03694046519920069,0.07583285566302911,0.9119720223857514,-0.07050860775160506,0.04243446341456025,0.9453704146342202,-0.10390700000007391,0.048599667572128746,0.9392052104766517,-0.09774179584250542,-0.03356814255240437,-0.06696653480087322,0.033398392248468856,-0.027233188090900362,282.21890807151794
deepseek_qwen,9,25,85,0.8,200,140,193,0.72,0.8019031141868511,0.7162629757785468,0.12889517744887413,0.859340116668773,-0.059340116668772924,0.0607613275629888,0.9274739665546583,-0.12747396655465826,0.15473045126906926,0.8335048428485778,-0.0335048428485778,0.07317555461668623,0.9150597395009609,-0.11505973950096082,-0.06813384988588533,0.025835273820195126,-0.09396912370608046,0.012414227053697435,32.022361040115356
deepseek_qwen,9,50,85,0.8,400,283,364,0.76,0.7335640138408305,0.7923875432525952,0.10171547902564904,0.8865198150919981,-0.08651981509199802,0.0709621403449725,0.9172731537726746,-0.11727315377267455,0.05623284279058105,0.932002451327066,-0.132002451327066,0.06138088843739031,0.9268544056802568,-0.12685440568025674,-0.030753338680676534,-0.045482636235067986,0.014729297554391452,-0.009581251907582189,47.85077214241028
deepseek_qwen,9,100,85,0.8,800,562,740,0.75,0.7707612456747405,0.7344290657439446,0.09713977409200536,0.8910955200256417,-0.0910955200256417,0.07562651493330452,0.9126087791843426,-0.11260877918434253,0.07242692790246341,0.9158083662151837,-0.11580836621518364,0.06993763870161918,0.9182976554160279,-0.11829765541602788,-0.021513259158700837,-0.024712846189541948,0.003199587030841111,-0.005688876231685347,83.1004045009613
deepseek_qwen,9,200,85,0.8,1600,1119,1486,0.74,0.7474048442906576,0.809688581314879,0.1100748929991312,0.8781604011185159,-0.07816040111851585,0.05262430054286227,0.9356109935747848,-0.1356109935747848,0.05823268450141228,0.9300026096162348,-0.13000260961623478,0.05403331566195857,0.9342019784556885,-0.1342019784556885,-0.057450592456268934,-0.05184220849771892,-0.005608383958550012,0.0014090151190963018,138.59234809875488
deepseek_qwen,9,400,85,0.8,3200,2225,2910,0.75,0.7430795847750865,0.8304498269896194,0.11414792281181951,0.8740873713058276,-0.07408737130582754,0.06124844795018736,0.9269868461674597,-0.1269868461674597,0.06072626864830799,0.9275090254693391,-0.12750902546933907,0.05737240223934781,0.9308628918782993,-0.13086289187829925,-0.052899474861632156,-0.05342165416351152,0.0005221793018793663,-0.0038760457108395485,276.76919436454773
deepseek_llama,0,25,82,0.6951219512195121,200,109,190,0.64,0.6603508771929825,0.7396491228070174,0.2518882466691432,0.7359166313796373,-0.04079468016012511,0.18745375919040963,0.8003511188583708,-0.1052291676388587,0.24409564215219737,0.7437092358965831,-0.04858728467707096,0.20404823984267917,0.7837566382061013,-0.08863468698658916,-0.06443448747873359,-0.007792604516945856,-0.05664188296178774,0.01659448065226954,36.33985733985901
deepseek_llama,0,50,82,0.6951219512195121,400,224,376,0.64,0.7733333333333332,0.7143859649122807,0.21088740237604686,0.7769174756727336,-0.08179552445322147,0.1716759305084875,0.816128947540293,-0.12100699632078082,0.20619788571462683,0.7816069923341536,-0.0864850411146415,0.16983577064444721,0.8179691074043333,-0.12284715618482112,-0.039211471867559355,-0.0046895166614200345,-0.03452195520613932,-0.0018401598640402916,53.9582359790802
deepseek_llama,0,100,82,0.6951219512195121,800,468,755,0.67,0.7431578947368421,0.7649122807017543,0.2129750878442881,0.7748297902044924,-0.07970783898498024,0.16462711044792344,0.823177767600857,-0.1280558163813449,0.17066845780787154,0.8171364202409089,-0.12201446902139679,0.1606661483593259,0.8271387296894546,-0.13201677846994242,-0.04834797739636465,-0.04230663003641655,-0.006041347359948102,-0.0039609620885975305,98.14478754997253
deepseek_llama,0,200,82,0.6951219512195121,1600,920,1500,0.65,0.7782456140350876,0.7992982456140352,0.22538941222995523,0.7624154658188252,-0.0672935145993131,0.1523347530970055,0.835470124951775,-0.14034817373226283,0.15052914196782174,0.8372757360809587,-0.14215378486144659,0.14525145075799883,0.8425534272907816,-0.1474314760712695,-0.07305465913294973,-0.07486027026213349,0.0018056111291837595,-0.00708330233900667,159.38101410865784
deepseek_llama,0,400,82,0.6951219512195121,3200,1770,3013,0.6275,0.7614035087719297,0.7796491228070176,0.24452158629120124,0.7432832917575792,-0.04816134053806709,0.14598798712394723,0.8418168909248332,-0.1466949397053211,0.1525802485813912,0.8352246294673893,-0.14010267824787714,0.1390074760257055,0.848797402023075,-0.15367545080356282,-0.09853359916725402,-0.09194133770981006,-0.00659226145744396,-0.006980511098241715,294.94651889801025
deepseek_llama,1,25,83,0.7228915662650602,200,117,187,0.64,0.6898550724637681,0.6688405797101449,0.15199224224124286,0.8359595649876728,-0.11306799872261253,0.4511659601911746,0.536785847037741,0.18610571922731922,0.16664782609560747,0.8213039811333082,-0.09841241486824792,0.43704257208911035,0.5509092351398053,0.17198233112525496,0.29917371794993175,0.014655583854364607,0.28451813409556714,-0.01412338810206426,38.6800422668457
deepseek_llama,1,50,83,0.7228915662650602,400,223,377,0.64,0.7253623188405798,0.7,0.1605611855159541,0.8273906217129615,-0.10449905544790128,0.1064360815370633,0.8815157256918523,-0.1586241594267921,0.14580618787524713,0.8421456193536685,-0.11925405308860826,0.13027021390265137,0.8576815933262643,-0.13479002706120402,-0.05412510397889081,-0.01475499764070698,-0.03937010633818383,0.023834132365588068,50.933127641677856
deepseek_llama,1,100,83,0.7228915662650602,800,484,753,0.7,0.7000000000000001,0.7181159420289855,0.16468887401533583,0.8232629332135798,-0.10037136694851956,0.13037161913097228,0.8575801880979433,-0.1346886218328831,0.13479857987939114,0.8531532273495245,-0.13026166108446424,0.13583295706859044,0.8521188501603252,-0.12922728389526494,-0.034317254884363546,-0.029890294135944684,-0.004426960748418862,0.00546133793761816,93.59396982192993
deepseek_llama,1,200,83,0.7228915662650602,1600,875,1509,0.63,0.7420289855072464,0.8014492753623188,0.17025828560418854,0.8176935216247271,-0.09480195535966685,0.1131721712976641,0.8747796359312515,-0.15188806966619128,0.10700592612802917,0.8809458811008865,-0.15805431483582622,0.10053565398361142,0.8874161532453042,-0.16452458698024397,-0.05708611430652444,-0.06325235947615937,0.006166245169634932,-0.012636517314052687,160.2007019519806
deepseek_llama,1,400,83,0.7228915662650602,3200,1755,3025,0.63,0.7318840579710144,0.7978260869565218,0.1719158780051735,0.8160359292237421,-0.09314436295868189,0.1213983440861297,0.8665534631427859,-0.14366189687772568,0.1028206126551896,0.885131194573726,-0.16223962830866578,0.10344598830745855,0.8845058189214571,-0.16161425265639684,-0.05051753391904379,-0.06909526534998389,0.018577731430940103,-0.01795235577867116,306.9641869068146
deepseek_llama,2,25,82,0.7195121951219512,200,94,191,0.48,0.5239498894620487,0.6013264554163595,0.2375216608839541,0.7502832171648264,-0.030771022042875185,0.20987090626964922,0.7779339717791313,-0.05842177665718007,0.2238375985217177,0.7639672795270628,-0.04445508440511159,0.20738063665004713,0.7804242413987333,-0.06091204627678215,-0.027650754614304884,-0.013684062362236404,-0.01396669225206848,-0.0024902696196020813,35.597437381744385
deepseek_llama,2,50,82,0.7195121951219512,400,240,387,0.66,0.5512159174649963,0.6425939572586589,0.25611610270367424,0.7316887753451062,-0.012176580223155042,0.19367227858995673,0.7941325994588238,-0.07462040433687256,0.19065660809423157,0.7971482699545489,-0.07763607483259771,0.19119286676554603,0.7966120112832344,-0.07709981616128325,-0.062443824113717517,-0.06545949460944267,0.0030156704957251534,-0.0024794118244106933,48.34327173233032
deepseek_llama,2,100,82,0.7195121951219512,800,444,759,0.62,0.7243920412675019,0.6853352984524688,0.1968162488557056,0.7909886291930749,-0.0714764340711237,0.1606546294426927,0.8271502486060878,-0.10763805348413658,0.14464407062636198,0.8431608074224185,-0.12364861230046731,0.1435745777885764,0.8442303002602041,-0.12471810513825288,-0.03616161941301288,-0.05217217822934361,0.016010558816330733,-0.0170800516541163,87.26806402206421
deepseek_llama,2,200,82,0.7195121951219512,1600,835,1506,0.595,0.7251289609432572,0.7560795873249816,0.20938570373663024,0.7784191743121502,-0.05890697919019905,0.14680066005445547,0.841004217994325,-0.12149202287237382,0.12762010653849232,0.8601847715102882,-0.14067257638833697,0.12348604957671827,0.8643188284720622,-0.144806633350111,-0.06258504368217477,-0.08176559719813792,0.01918055351596315,-0.023314610477737197,170.3868637084961
deepseek_llama,2,400,82,0.7195121951219512,3200,1719,3014,0.6275,0.7044952100221075,0.819454679439941,0.2529235364785052,0.7348813415702753,-0.0153691464483241,0.1314181289065598,0.8563867491422207,-0.1368745540202695,0.11385741914976988,0.8739474588990106,-0.1544352637770594,0.10799104039967156,0.8798138376491089,-0.16030164252715773,-0.12150540757194539,-0.1390661173287353,0.017560709756789916,-0.02342708850688824,307.5914535522461
deepseek_llama,3,25,81,0.6666666666666666,200,94,193,0.56,0.7277091906721536,0.6721536351165982,0.20106612575295357,0.7865881952347007,-0.11992152856803406,0.19259700127898294,0.7950573197086713,-0.1283906530420047,0.19354665350644906,0.7941076674812052,-0.12744100081453857,0.1886110303674482,0.7990432906202061,-0.13237662395353944,-0.008469124473970635,-0.0075194722465045105,-0.0009496522274661245,-0.003985970911534742,30.083197593688965
deepseek_llama,3,50,81,0.6666666666666666,400,208,387,0.6,0.6502057613168725,0.6851851851851852,0.22806706857538506,0.7595872524122692,-0.09292058574560258,0.17897214424391816,0.8086821767437361,-0.14201551007706947,0.24044374461639428,0.74721057637126,-0.08054390970459335,0.18717848749368948,0.8004758334939648,-0.13380916682729815,-0.049094924331466894,0.012376676041009227,-0.06147160037247612,0.00820634324977132,47.46007037162781
deepseek_llama,3,100,81,0.6666666666666666,800,423,764,0.61,0.6872427983539096,0.7551440329218106,0.17040149016142547,0.8172528308262288,-0.15058616415956216,0.1524093379372069,0.8352449830504474,-0.16857831638378074,0.154499775960679,0.8331545450269753,-0.16648787836030865,0.1415947791550427,0.8460595418326116,-0.17939287516594493,-0.01799215222421857,-0.015901714200746486,-0.0020904380234720854,-0.010814558782164196,81.09224200248718
deepseek_llama,3,200,81,0.6666666666666666,1600,857,1505,0.625,0.7057613168724278,0.7969821673525378,0.19690200764096355,0.7907523133466907,-0.12408564668002409,0.156011806014419,0.8316425149732353,-0.16497584830656864,0.14082189631914166,0.8468324246685126,-0.18016575800184598,0.1442845392991281,0.8433697816885262,-0.17670311502185954,-0.04089020162654455,-0.05608011132182189,0.015189909695277337,-0.011727266715290896,152.04886507987976
deepseek_llama,3,400,81,0.6666666666666666,3200,1790,3025,0.64,0.7722908093278463,0.7825788751714677,0.21437857791030313,0.7732757430773511,-0.10660907641068451,0.14930339135602844,0.8383509296316258,-0.1716842629649592,0.154191991669534,0.8334623293181203,-0.16679566265145362,0.15168879353035158,0.8359655274573027,-0.16929886079063605,-0.06507518655427469,-0.06018658624076911,-0.0048886003135055756,0.002385402174323148,313.56623554229736
deepseek_llama,4,25,83,0.6265060240963856,200,105,190,0.64,0.6389578163771712,0.7332506203473945,0.4090290763809731,0.5789227308479425,0.047583293248443015,0.37139936568901055,0.6165524415399051,0.00995358255648049,0.3987214865875951,0.5892303206413205,0.037275703455065035,0.37268652017053017,0.6152652870583855,0.011240737038000104,-0.037629710691962526,-0.01030758979337798,-0.027322120898584545,0.0012871544815196145,34.41263461112976
deepseek_llama,4,50,83,0.6265060240963856,400,221,375,0.66,0.6501240694789082,0.8070719602977667,0.36910096846523555,0.6188508387636801,0.007655185332705483,0.2857082243299097,0.7022435828990059,-0.07573755880262034,0.28093624893514757,0.707015558293768,-0.08050953419738249,0.2602581434120429,0.7276936638168727,-0.10118763972048717,-0.08339274413532582,-0.08816471953008798,0.004771975394762151,-0.025450080917866824,49.45969557762146
deepseek_llama,4,100,83,0.6265060240963856,800,433,747,0.64,0.6830024813895782,0.8424317617866005,0.3342902797719537,0.6536615274569619,-0.027155503360576372,0.20817698432251563,0.7797748229064,-0.15326879881001443,0.17349224607786262,0.814459561151053,-0.18795353705466744,0.16783813417618554,0.8201136730527301,-0.19360764895634452,-0.12611329544943806,-0.16079803369409107,0.03468473824465301,-0.040338850146330096,70.46696472167969
deepseek_llama,4,200,83,0.6265060240963856,1600,854,1500,0.62,0.7233250620347395,0.8337468982630273,0.3021915413372883,0.6857602658916273,-0.05925424179524175,0.1948355182277164,0.7931162890011992,-0.16661026490481368,0.1495315663706206,0.838420240858295,-0.21191421676190947,0.14961678432618597,0.8383350229027297,-0.2118289988063441,-0.10735602310957193,-0.15265997496666772,0.04530395185709579,-0.04521873390153042,130.62539386749268
deepseek_llama,4,400,83,0.6265060240963856,3200,1805,3011,0.6475,0.7599255583126551,0.8356079404466501,0.30888942041885914,0.6790623868100565,-0.05255636271367092,0.1860942371383395,0.8018575700905761,-0.17535154599419056,0.15495037147417756,0.8330014357547381,-0.2064954116583525,0.15632071584406926,0.8316310913848464,-0.2051250672884608,-0.12279518328051964,-0.15393904894468158,0.03114386566416194,-0.029773521294270244,275.70375394821167
deepseek_llama,5,25,82,0.6585365853658537,200,83,190,0.48,0.4966931216931217,0.5734126984126984,0.3029581686875511,0.6848467093612294,-0.02631012399537569,0.3128039282796802,0.6750009497691003,-0.016464364403246612,0.33121721628867173,0.6565876617601087,0.0019489236057449455,0.3325064520799208,0.6552984259688597,0.0032381593969940115,0.009845759592129077,0.028259047601120635,-0.018413288008991557,0.019702523800240623,32.44508600234985
deepseek_llama,5,50,82,0.6585365853658537,400,178,383,0.5,0.6382275132275133,0.5370370370370371,0.24495758892160246,0.742847289127178,-0.08431070376132432,0.20027366047506945,0.787531217573711,-0.12899463220785734,0.2582225582657822,0.7295823197829983,-0.07104573441714457,0.21379618822375646,0.774008689825024,-0.11547210445917033,-0.04468392844653302,0.013264969344179756,-0.05794889779071277,0.013522527748687008,49.48820948600769
deepseek_llama,5,100,82,0.6585365853658537,800,353,764,0.49,0.6917989417989419,0.6541005291005291,0.21208071521192995,0.7757241628368505,-0.11718757747099684,0.18040439715407264,0.8074004808947078,-0.14886389552885415,0.21093729768019354,0.7768675803685869,-0.11833099500273325,0.19756528029943277,0.7902395977493477,-0.13170301238349402,-0.03167631805785731,-0.0011434175317364126,-0.0305329005261209,0.01716088314536013,87.98922801017761
deepseek_llama,5,200,82,0.6585365853658537,1600,796,1503,0.555,0.7579365079365079,0.7552910052910052,0.19962150313167837,0.7881833749171021,-0.12964678955124842,0.15628816183061822,0.8315167162181623,-0.17298013085230857,0.19467318406301315,0.7931316939857673,-0.13459510861991364,0.19060862117524735,0.7971962568735331,-0.13865967150767944,-0.043333341301060146,-0.004948319068665219,-0.03838502223239493,0.03432045934462913,147.69289636611938
deepseek_llama,5,400,82,0.6585365853658537,3200,1769,3002,0.6325,0.7791005291005291,0.7665343915343915,0.1917870050706555,0.796017872978125,-0.1374812876122713,0.15188846798816835,0.8359164100606121,-0.17737982469475844,0.17473829684411357,0.8130665812046669,-0.15452999583881322,0.17865518187951557,0.8091496961692649,-0.15061311080341122,-0.03989853708248714,-0.01704870822654192,-0.02284982885594522,0.026766713891347216,291.44973850250244
deepseek_llama,6,25,83,0.7228915662650602,200,105,183,0.64,0.6550724637681159,0.6260869565217391,0.16006434526804036,0.8278874619608753,-0.10499589569581502,0.15970438777369023,0.8282474194552254,-0.10535585319016516,0.1497530377255888,0.8381987695033268,-0.1153072032382666,0.14641013147885962,0.841541675750056,-0.11865010948499577,-0.00035995749435013824,-0.010311307542451575,0.009951350048101437,-0.013294256294830609,36.24402832984924
deepseek_llama,6,50,83,0.7228915662650602,400,199,379,0.6,0.6876811594202897,0.7028985507246377,0.20883304465286312,0.7791187625760525,-0.05622719631099227,0.17891938948228892,0.8090324177466267,-0.08614085148156647,0.18986688799412277,0.7980849192347929,-0.07519335296973262,0.17698106616353615,0.8109707410653795,-0.08807917480031924,-0.029913655170574205,-0.018966156658740352,-0.010947498511833853,-0.001938323318752766,51.966583490371704
deepseek_llama,6,100,83,0.7228915662650602,800,442,758,0.64,0.6014492753623188,0.6572463768115943,0.1853217489636757,0.8026300582652399,-0.07973849200017968,0.17373908314900688,0.8142127240799087,-0.09132115781484851,0.17843899897752458,0.809512808251391,-0.08662124198633081,0.1741007448495725,0.8138510623793431,-0.09095949611428289,-0.011582665814668824,-0.0068827499861511265,-0.004699915828517698,0.00036166170056561864,77.56000256538391
deepseek_llama,6,200,83,0.7228915662650602,1600,847,1492,0.62,0.6869565217391305,0.7565217391304349,0.16124188388217997,0.8267099233467357,-0.10381835708167542,0.10977714425284268,0.8781746629760729,-0.1552830967110127,0.13210622103936198,0.8558455861895536,-0.1329540199244934,0.11625101142251182,0.8717007958064038,-0.14880922954134357,-0.051464739629337286,-0.02913566284281799,-0.022329076786519297,0.006473867169669134,165.13798832893372
deepseek_llama,6,400,83,0.7228915662650602,3200,1721,3009,0.6225,0.7485507246376811,0.8007246376811595,0.14008985728326162,0.847861949945654,-0.12497038368059377,0.10540708864758275,0.8825447185813329,-0.15965315231627264,0.11075576697807299,0.8771960402508426,-0.1543044739857824,0.10181157064870916,0.8861402365802065,-0.16324867031514623,-0.03468276863567887,-0.02933409030518863,-0.005348678330490242,-0.0035955179988735875,297.2223286628723
deepseek_llama,7,25,81,0.654320987654321,200,100,193,0.68,0.5505390835579516,0.5943396226415095,0.25758379407091603,0.7300705269167382,-0.07574953926241723,0.28973816032466715,0.6979161606629871,-0.04359517300866611,0.25030461498437473,0.7373497060032795,-0.08302871834895853,0.2818024483034758,0.7058518726841785,-0.051530885029857476,0.03215436625375112,-0.007279179086541299,0.03943354534029242,-0.007935712021191366,33.54773187637329
deepseek_llama,7,50,81,0.654320987654321,400,207,368,0.66,0.6091644204851753,0.7432614555256064,0.24930700885395218,0.7383473121337021,-0.08402632447938108,0.24251871160262306,0.7451356093850312,-0.0908146217307102,0.20217657528663424,0.78547774570102,-0.13115675804669902,0.2017017414784672,0.7859525795091871,-0.13163159185486606,-0.006788297251329123,-0.04713043356731794,0.04034213631598882,-0.04081697012415586,54.75280523300171
deepseek_llama,7,100,81,0.654320987654321,800,432,746,0.66,0.6057951482479784,0.7547169811320754,0.24439596929771557,0.7432583516899387,-0.0889373640356177,0.22541892940812214,0.7622353915795321,-0.10791440392521112,0.16301253955289308,0.8246417814347612,-0.17032079378044018,0.16132474174503053,0.8263295792426237,-0.17200859158830273,-0.018977039889593428,-0.08138342974482249,0.06240638985522906,-0.0640941876630916,85.4277606010437
deepseek_llama,7,200,81,0.654320987654321,1600,845,1501,0.63,0.6731805929919137,0.7264150943396226,0.23062257428732624,0.757031746700328,-0.10271075904600702,0.1956029033485308,0.7920514176391235,-0.13773042998480245,0.17184483963765618,0.8158094813499981,-0.16148849369567708,0.17289329179400392,0.8147610291936503,-0.16044004153932934,-0.03501967093879543,-0.058777734649670066,0.023758063710874633,-0.022709611554526887,157.9719831943512
deepseek_llama,7,400,81,0.654320987654321,3200,1780,3022,0.64,0.7634770889487871,0.7809973045822102,0.24259850886837997,0.7450558121192743,-0.09073482446495329,0.16419905923045097,0.8234552617572033,-0.1691342741028823,0.1565334836249208,0.8311208373627335,-0.17679984970841245,0.15497788119391587,0.8326764397937384,-0.1783554521394174,-0.078399449637929,-0.08606502524345916,0.007665575605530162,-0.009221178036535105,283.6363961696625
deepseek_llama,8,25,82,0.7317073170731707,200,100,192,0.56,0.6818181818181818,0.6234848484848485,0.19679359791949746,0.791011280129283,-0.0593039630561123,0.1796357527855602,0.8081691252632203,-0.07646180819004955,0.20453282035907994,0.7832720576897005,-0.051564740616529825,0.18762721427771645,0.800177663771064,-0.06847034669789331,-0.017157845133937255,0.007739222439582472,-0.024897067573519727,0.007991461492156238,32.83791899681091
deepseek_llama,8,50,82,0.7317073170731707,400,220,382,0.62,0.6818181818181818,0.6924242424242424,0.1559895034797335,0.831815374569047,-0.10010805749587626,0.1133730292984948,0.8744318487502857,-0.14272453167711496,0.12597012258188067,0.8618347554668998,-0.1301274383937291,0.12245244126802546,0.865352436780755,-0.1336451197075843,-0.042616474181238706,-0.030019380897852832,-0.012597093283385874,0.00907941196953066,42.752803325653076
deepseek_llama,8,100,82,0.7317073170731707,800,450,747,0.66,0.7242424242424242,0.6969696969696969,0.1441508631142,0.8436540149345805,-0.11194669786140976,0.10475379432863152,0.883051083720149,-0.15134376664697824,0.134041863630873,0.8537630144179075,-0.12205569734473676,0.11734107830699958,0.8704637997417809,-0.13875648266861018,-0.03939706878556848,-0.010108999483326997,-0.029288069302241482,0.012587283978368058,82.31429100036621
deepseek_llama,8,200,82,0.7317073170731707,1600,844,1499,0.625,0.7166666666666667,0.6992424242424243,0.13637715245886706,0.8514277255899134,-0.1197204085167427,0.11084922147773546,0.876955656571045,-0.1452483394978743,0.13771641296452863,0.8500884650842518,-0.11838114801108113,0.13808060217185925,0.8497242758769212,-0.11801695880375052,-0.025527930981131597,0.001339260505661577,-0.026867191486793174,0.027231380694123786,155.88447380065918
deepseek_llama,8,400,82,0.7317073170731707,3200,1715,3002,0.62,0.7106060606060606,0.7401515151515151,0.12896625494185587,0.8588386231069246,-0.1271313060337539,0.1314376015472859,0.8563672765014946,-0.12465995942832386,0.12177394706630496,0.8660309309824755,-0.1343236139093048,0.12685796017323858,0.8609469178755419,-0.12923960080237118,0.002471346605430025,-0.0071923078755509184,0.009663654480980943,-0.004579641374047316,284.24989914894104
deepseek_llama,9,25,85,0.6588235294117647,200,108,192,0.6,0.6902709359605912,0.5929802955665024,0.23976322276512008,0.748472071352527,-0.08964854194076233,0.23976322276512008,0.748472071352527,-0.08964854194076233,0.24810411730913373,0.7401311768085134,-0.08130764739674867,0.22351821568494235,0.7647170784327048,-0.10589354902094006,0.0,0.008340894544013655,-0.008340894544013655,-0.01624500708017773,33.753180265426636
deepseek_llama,9,50,85,0.6588235294117647,400,214,376,0.6,0.6859605911330049,0.6373152709359605,0.18623931600034882,0.8019959781172983,-0.14317244870553358,0.1933131957821982,0.7949220983354489,-0.13609856892368422,0.1794916624300218,0.8087436316876253,-0.1499201022758606,0.17884790666128092,0.8093873874563662,-0.15056385804460148,0.007073879781849368,-0.006747653570327028,0.013821533352176396,-0.014465289120917268,49.83422374725342
deepseek_llama,9,100,85,0.6588235294117647,800,441,757,0.63,0.7056650246305418,0.7185960591133006,0.16086367918050126,0.8273716149371458,-0.16854808552538114,0.17693922383898664,0.8112960702786605,-0.15247254086689577,0.1840217704751519,0.8042135236424952,-0.1453899942307305,0.18230311735398141,0.8059321767636657,-0.147108647351901,0.016075544658485375,0.02315809129465063,-0.0070825466361652545,0.0053638935149947775,77.10441613197327
deepseek_llama,9,200,85,0.6588235294117647,1600,874,1523,0.61,0.7290640394088669,0.8115763546798029,0.15334796018503893,0.8348873339326082,-0.17606380452084347,0.17839476019835954,0.8098405339192876,-0.15101700450752287,0.1310515311955549,0.8571837629220922,-0.1983602335103275,0.14680462803574057,0.8414306660819065,-0.18260713667014183,0.025046800013320603,-0.02229642898948403,0.04734322900280463,-0.03159013216261897,144.17009782791138
deepseek_llama,9,400,85,0.6588235294117647,3200,1747,3016,0.63,0.6970443349753696,0.8004926108374384,0.15795721016323638,0.8302780839544107,-0.17145455454264602,0.20573302879054922,0.7825022653270979,-0.12367873591533318,0.13518241479372728,0.8530528793239198,-0.19422934991215512,0.1597996468289724,0.8284356472886747,-0.16961211787691,0.04777581862731284,-0.022774795369509104,0.07055061399682194,-0.045933381961576814,292.9941167831421
